location,total_cases,new_cases,new_cases_smoothed,total_deaths,new_deaths,new_deaths_smoothed,total_cases_per_million,new_cases_per_million,new_cases_smoothed_per_million,total_deaths_per_million,new_deaths_per_million,new_deaths_smoothed_per_million,reproduction_rate,icu_patients,icu_patients_per_million,hosp_patients,hosp_patients_per_million,weekly_icu_admissions,weekly_icu_admissions_per_million,weekly_hosp_admissions,weekly_hosp_admissions_per_million,new_tests,total_tests,total_tests_per_thousand,new_tests_per_thousand,new_tests_smoothed,new_tests_smoothed_per_thousand,positive_rate,tests_per_case,stringency_index,population,population_density,median_age,aged_65_older,aged_70_older,gdp_per_capita,extreme_poverty,cardiovasc_death_rate,diabetes_prevalence,female_smokers,male_smokers,handwashing_facilities,hospital_beds_per_thousand,life_expectancy,human_development_index
Afghanistan,37885,33,55.429,1386,0,2.286,973.198,0.848,1.424,35.604,0,0.059,0.92,0,0,0,0,0,0,0,0,0,0,0,0,0,0,0,0,48.15,38928341,54.422,18.6,2.581,1.337,1803.987,0,597.029,9.59,0,0,37.746,0.5,64.83,0.498
Albania,8119,152,143.143,240,2,3,2821.252,52.818,49.74,83.397,0.695,1.042,1.08,0,0,0,0,0,0,0,0,0,0,0,0,0,0,0,0,57.41,2877800,104.871,38,13.188,8.643,11803.431,1.1,304.195,10.08,7.1,51.2,0,2.89,78.57,0.785
Algeria,40667,409,429,1418,7,9.571,927.39,9.327,9.783,32.337,0.16,0.218,0.88,0,0,0,0,0,0,0,0,0,0,0,0,0,0,0,0,79.63,43851043,17.348,29.1,6.211,3.857,13913.839,0.5,278.364,6.73,0.7,30.4,83.741,1.9,76.88,0.754
Andorra,1045,21,8,53,0,0,13524.882,271.792,103.54,685.951,0,0,1.4,0,0,0,0,0,0,0,0,0,0,0,0,0,0,0,0,45.37,77265,163.755,0,0,0,0,0,109.135,7.97,29,37.8,0,0,83.73,0.858
Angola,2068,24,30.857,94,1,1.143,62.922,0.73,0.939,2.86,0.03,0.035,1.12,0,0,0,0,0,0,0,0,0,0,0,0,0,0,0,0,76.39,32866268,23.89,16.8,2.405,1.362,5819.495,0,276.045,3.94,0,0,26.664,0,61.15,0.581
Antigua and Barbuda,94,0,0.143,3,0,0,959.889,0,1.459,30.635,0,0,0,0,0,0,0,0,0,0,0,0,0,0,0,0,0,0,0,0,97928,231.845,32.1,6.933,4.631,21490.943,0,191.511,13.17,0,0,0,3.8,77.02,0.78
Argentina,329043,8159,6658,6730,213,171.857,7280.393,180.526,147.315,148.908,4.713,3.803,1.12,0,0,0,0,0,0,0,0,19616,1044359,23.107,0.434,16327,0.361,0.408,2.5,87.96,45195777,16.177,31.9,11.198,7.441,18933.907,0.6,191.032,5.5,16.2,27.7,0,5,76.67,0.825
Armenia,42477,158,168.286,842,6,4,14334.676,53.32,56.791,284.149,2.025,1.35,0.89,0,0,0,0,0,0,0,0,0,0,0,0,0,0,0,0,0,2963234,102.931,35.7,11.232,7.571,8787.58,1.8,341.01,7.11,1.5,52.1,94.043,4.2,75.09,0.755
Australia,24602,195,223.857,485,13,15.143,964.789,7.647,8.779,19.02,0.51,0.594,0.67,0,0,0,0,0,0,0,0,0,0,0,0,56334,2.209,0.004,251.7,79.17,25499881,3.202,37.9,15.504,10.129,44648.71,0.5,107.791,5.07,13,16.5,0,3.84,83.44,0.939
Austria,24762,331,269.429,730,1,0.714,2749.378,36.752,29.915,81.053,0.111,0.079,1.32,22,2.443,90,9.993,0,0,0,0,13972,1075409,119.405,1.551,10282,1.142,0.026,38.2,35.19,9006400,106.749,44.4,19.202,13.748,45436.686,0.7,145.183,6.35,28.4,30.9,0,7.37,81.54,0.908
Azerbaijan,34921,162,129,512,2,1.143,3444.166,15.978,12.723,50.497,0.197,0.113,1.04,0,0,0,0,0,0,0,0,0,0,0,0,0,0,0,0,85.19,10139175,119.309,32.4,6.018,3.871,15847.419,0,559.812,7.11,0.3,42.5,83.241,4.7,73,0.757
Bahamas,1703,93,83.429,27,4,1.429,4330.601,236.492,212.153,68.659,10.172,3.633,1.16,0,0,0,0,0,0,0,0,0,0,0,0,0,0,0,0,0,393248,39.497,34.3,8.996,5.2,27717.847,0,235.954,13.17,3.1,20.4,0,2.9,73.92,0.807
Bahrain,48661,358,372.714,181,2,1.857,28597.488,210.392,219.04,106.372,1.175,1.091,1.02,0,0,0,0,0,0,0,0,0,1011805,594.626,0,9572,5.625,0.039,25.7,69.44,1701583,1935.907,32.4,2.372,1.387,43290.705,0,151.689,16.52,5.8,37.6,0,2,77.29,0.846
Bangladesh,290360,2401,2639.857,3861,39,38.571,1763.077,14.579,16.029,23.444,0.237,0.234,0.96,0,0,0,0,0,0,0,0,12943,1423462,8.643,0.079,13106,0.08,0.201,5,80.09,164689383,1265.036,27.5,5.098,3.262,3523.984,14.8,298.003,8.38,1,44.7,34.808,0.8,72.59,0.608
Barbados,157,1,1.286,7,0,0,546.332,3.48,4.474,24.359,0,0,0.78,0,0,0,0,0,0,0,0,0,0,0,0,0,0,0,0,38.89,287371,664.463,39.8,14.952,9.473,16978.068,0,170.05,13.57,1.9,14.5,88.469,5.8,79.19,0.8
Belarus,70111,161,114.714,632,5,4.143,7419.687,17.038,12.14,66.883,0.529,0.438,1.13,0,0,0,0,0,0,0,0,0,0,0,0,8153,0.863,0.014,71.1,16.67,9449321,46.858,40.3,14.799,9.788,17167.967,0,443.129,5.18,10.5,46.1,0,11,74.79,0.808
Belgium,80894,716,540.143,9985,9,8.714,6979.869,61.779,46.606,861.547,0.777,0.752,1.02,84,7.248,314,27.093,0,0,0,0,20813,2122398,183.129,1.796,19254,1.661,0.028,35.6,58.33,11589616,375.564,41.8,18.571,12.849,42658.576,0.2,114.898,4.29,25.1,31.4,0,5.64,81.63,0.916
Belize,648,43,41.714,5,0,0.286,1629.693,108.143,104.91,12.575,0,0.719,1.18,0,0,0,0,0,0,0,0,0,0,0,0,0,0,0,0,72.69,397621,16.426,25,3.853,2.279,7824.362,0,176.957,17.11,0,0,90.083,1.3,74.62,0.708
Benin,2095,0,11.571,39,0,0.143,172.809,0,0.954,3.217,0,0.012,0.94,0,0,0,0,0,0,0,0,0,0,0,0,0,0,0,0,41.67,12123198,99.11,18.8,3.244,1.942,2064.236,49.6,235.848,0.99,0.6,12.3,11.035,0.5,61.77,0.515
Bhutan,154,1,3,0,0,0,199.582,1.296,3.888,0,0,0,0.73,0,0,0,0,0,0,0,0,0,0,0,0,0,0,0,0,97.22,771612,21.188,28.6,4.885,2.977,8708.597,1.5,217.066,9.75,0,0,79.807,1.7,71.78,0.612
Bolivia,107435,1370,1355,4366,61,61,9203.695,117.365,116.08,374.025,5.226,5.226,0.91,0,0,0,0,0,0,0,0,2595,213913,18.325,0.222,3070,0.263,0.441,2.3,84.26,11673029,10.202,25.4,6.704,4.393,6885.829,7.1,204.299,6.89,0,0,25.383,1.1,71.51,0.693
Bosnia and Herzegovina,17396,367,265.857,526,11,8.143,5302.341,111.862,81.034,160.326,3.353,2.482,1.16,0,0,0,0,0,0,0,0,0,0,0,0,0,0,0,0,53.7,3280815,68.496,42.5,16.569,10.711,11713.895,0.2,329.635,10.08,30.2,47.7,97.164,3.5,77.4,0.768
Botswana,1308,0,13.429,3,0,0,556.211,0,5.71,1.276,0,0,0.78,0,0,0,0,0,0,0,0,0,0,0,0,0,0,0,0,47.22,2351625,4.044,25.8,3.941,2.242,15807.374,0,237.372,4.81,5.7,34.4,0,1.8,69.59,0.717
Brazil,3532330,30355,36687.143,113358,1054,976.429,16618.083,142.807,172.597,533.3,4.959,4.594,0.97,0,0,0,0,0,0,0,0,0,0,0,0,86002,0.405,0,0,69.91,212559409,25.04,33.5,8.552,5.06,14103.452,3.4,177.961,8.11,10.1,17.9,0,2.2,75.88,0.759
Brunei,143,0,0.143,3,0,0,326.87,0,0.327,6.857,0,0,0,0,0,0,0,0,0,0,0,0,0,0,0,0,0,0,0,40.74,437483,81.347,32.4,4.591,2.382,71809.251,0,201.285,12.79,2,30.9,0,2.7,75.86,0.853
Bulgaria,15131,169,126.857,539,7,6.714,2177.61,24.322,18.257,77.571,1.007,0.966,0.92,73,10.506,734,105.635,0,0,0,0,6844,358723,51.626,0.985,4839,0.696,0.026,38.1,38.89,6948445,65.18,44.7,20.801,13.272,18563.307,1.5,424.688,5.81,30.1,44.4,0,7.454,75.05,0.813
Burkina Faso,1297,0,8.429,55,0,0.143,62.048,0,0.403,2.631,0,0.007,1,0,0,0,0,0,0,0,0,0,0,0,0,0,0,0,0,48.15,20903278,70.151,17.6,2.409,1.358,1703.102,43.7,269.048,2.42,1.6,23.9,11.877,0.4,61.58,0.423
Burundi,426,4,2,1,0,0,35.826,0.336,0.168,0.084,0,0,0.72,0,0,0,0,0,0,0,0,0,0,0,0,0,0,0,0,11.11,11890781,423.062,17.5,2.562,1.504,702.225,71.7,293.068,6.05,0,0,6.144,0.8,61.58,0.417
Cambodia,273,0,0,0,0,0,16.329,0,0,0,0,0,0.24,0,0,0,0,0,0,0,0,0,0,0,0,0,0,0,0,47.22,16718971,90.672,25.6,4.412,2.385,3645.07,0,270.892,4,2,33.7,66.229,0.8,69.82,0.582
Cameroon,18762,0,41.857,408,0,1,706.777,0,1.577,15.37,0,0.038,1.01,0,0,0,0,0,0,0,0,0,0,0,0,0,0,0,0,60.19,26545864,50.885,18.8,3.165,1.919,3364.926,23.8,244.661,7.2,0,0,2.735,1.3,59.29,0.556
Canada,126319,694,387.714,9110,13,6,3346.894,18.388,10.273,241.375,0.344,0.159,1.09,0,0,0,0,0,0,0,0,59844,5034059,133.38,1.586,49771,1.319,0.008,128.4,64.35,37742157,4.037,41.4,16.984,10.797,44017.591,0.5,105.599,7.37,12,16.6,0,2.5,82.43,0.926
Cape Verde,3412,44,39.429,37,0,0.571,6136.823,79.138,70.916,66.548,0,1.028,1.08,0,0,0,0,0,0,0,0,363,0,0,0.653,322,0.579,0.122,8.2,65.28,555988,135.58,25.7,4.46,3.437,6222.554,0,182.219,2.42,2.1,16.5,0,2.1,72.98,0.654
Central African Republic,4679,0,3.857,61,0,0,968.784,0,0.799,12.63,0,0,0.59,0,0,0,0,0,0,0,0,0,0,0,0,0,0,0,0,54.63,4829764,7.479,18.3,3.655,2.251,661.24,0,435.727,6.1,0,0,16.603,1,53.28,0.367
Chad,981,9,4.286,76,0,0,59.723,0.548,0.261,4.627,0,0,0.97,0,0,0,0,0,0,0,0,0,0,0,0,0,0,0,0,64.81,16425859,11.833,16.7,2.486,1.446,1768.153,38.4,280.995,6.1,0,0,5.818,0,54.24,0.404
Chile,393769,1920,1665.429,10723,52,54.714,20598.697,100.438,87.121,560.938,2.72,2.862,0.96,0,0,0,0,0,0,0,0,28669,2134278,111.648,1.5,26013,1.361,0.064,15.6,81.94,19116209,24.282,35.4,11.087,6.938,22767.037,1.3,127.993,8.46,34.2,41.5,0,2.11,80.18,0.843
China,89616,49,57.429,4709,0,1.143,62.263,0.034,0.04,3.272,0,0.001,0.6,0,0,0,0,0,0,0,0,0,0,0,0,0,0,0,0,78.24,1439323774,147.674,38.7,10.641,5.929,15308.712,0.7,261.899,9.74,1.9,48.4,0,4.34,76.91,0.752
Colombia,522138,8419,11003.857,16568,385,296.571,10261.565,165.458,216.259,325.61,7.566,5.829,0.99,0,0,0,0,0,0,0,0,30654,2340101,45.99,0.602,33619,0.661,0,0,87.04,50882884,44.223,32.2,7.646,4.312,13254.949,4.5,124.24,7.44,4.7,13.5,65.386,1.71,77.29,0.747
Comoros,417,0,2,7,0,0,479.534,0,2.3,8.05,0,0,0.65,0,0,0,0,0,0,0,0,0,0,0,0,0,0,0,0,0,869595,437.352,20.4,2.963,1.726,1413.89,18.1,261.516,11.88,4.4,23.6,15.574,2.2,64.32,0.503
Congo,3850,0,15,77,0,2.429,697.705,0,2.718,13.954,0,0.44,0.59,0,0,0,0,0,0,0,0,0,0,0,0,0,0,0,0,67.59,5518092,15.405,19,3.402,2.063,4881.406,37,344.094,7.2,1.7,52.3,47.964,0,64.57,0.606
Costa Rica,32134,1059,743.286,340,7,8.429,6308.065,207.887,145.911,66.744,1.374,1.655,1.13,0,0,0,0,0,0,0,0,1838,112312,22.047,0.361,1658,0.325,0,0,72.22,5094114,96.079,33.6,9.468,5.694,15524.995,1.3,137.973,8.78,6.4,17.4,83.841,1.13,80.28,0.794
Cote d'Ivoire,17310,61,53.571,112,0,0.571,656.222,2.313,2.031,4.246,0,0.022,0.93,0,0,0,0,0,0,0,0,950,118065,4.476,0.036,858,0.033,0.062,16,38.43,26378275,76.399,18.7,2.933,1.582,3601.006,28.2,303.74,2.42,0,0,19.351,0,57.78,0.492
Croatia,7594,265,190.857,169,1,0.857,1849.818,64.551,46.491,41.167,0.244,0.209,1.56,0,0,135,32.885,0,0,0,0,1647,146168,35.605,0.401,1632,0.398,0.117,8.6,35.19,4105268,73.726,44,19.724,13.053,22669.797,0.7,253.782,5.59,34.3,39.9,0,5.54,78.49,0.831
Cuba,3582,17,50.429,89,1,0.143,316.246,1.501,4.452,7.858,0.088,0.013,1.03,0,0,0,0,0,0,0,0,4562,356225,31.45,0.403,4597,0.406,0.011,91.2,82.41,11326616,110.408,43.1,14.738,9.719,0,0,190.968,8.27,17.1,53.3,85.198,5.2,78.8,0.777
Cyprus,1406,11,12.571,20,0,0,1605.208,12.559,14.353,22.834,0,0,1.02,0,0,0,0,0,0,0,0,3201,273691,312.469,3.655,3424,3.909,0.004,272.4,47.22,875899,127.657,37.3,13.416,8.563,32415.132,0,141.171,9.24,19.6,52.7,0,3.4,80.98,0.869
Czechia,21551,506,265.429,411,5,2.429,2012.423,47.25,24.786,38.379,0.467,0.227,1.21,23,2.148,119,11.112,0,0,0,0,9712,842332,78.657,0.907,6940,0.648,0.038,26.1,36.11,10708982,137.176,43.3,19.027,11.58,32605.906,0,227.485,6.82,30.5,38.3,0,6.63,79.38,0.888
Democratic Republic of Congo,9802,45,28.143,248,1,1.429,109.444,0.502,0.314,2.769,0.011,0.016,1.05,0,0,0,0,0,0,0,0,254,0,0,0.003,319,0.004,0.088,11.3,40.74,89561404,35.879,17,3.02,1.745,808.133,77.1,318.949,6.1,0,0,4.472,0,60.68,0.457
Denmark,16525,72,109.571,621,0,0,2852.973,12.431,18.917,107.213,0,0,1.17,1,0.173,22,3.798,0,0,0,0,35704,2143111,369.999,6.164,33871,5.848,0.003,309.1,50.93,5792203,136.52,42.3,19.677,12.325,46682.515,0.2,114.767,6.41,19.3,18.8,0,2.5,80.9,0.929
Djibouti,5382,8,2.143,60,1,0.143,5447.357,8.097,2.169,60.729,1.012,0.145,0.42,0,0,0,0,0,0,0,0,0,0,0,0,0,0,0,0,50.93,988002,41.285,25.4,4.213,2.38,2705.406,22.5,258.037,6.05,1.7,24.5,0,1.4,67.11,0.476
Dominica,18,0,0,0,0,0,250.031,0,0,0,0,0,0,0,0,0,0,0,0,0,0,0,0,0,0,0,0,0,0,36.11,71991,98.567,0,0,0,9673.367,0,227.376,11.62,0,0,0,3.8,75,0.715
Dominican Republic,89867,857,768.429,1533,28,17.714,8284.273,79.001,70.837,141.318,2.581,1.633,0.85,0,0,0,0,0,0,0,0,3936,343796,31.692,0.363,3736,0.344,0.206,4.9,78.7,10847904,222.873,27.6,6.981,4.419,14600.861,1.6,266.653,8.2,8.5,19.1,55.182,1.6,74.08,0.736
Ecuador,106481,973,1010.286,6248,48,31.143,6035.291,55.149,57.262,354.134,2.721,1.765,0.97,0,0,0,0,0,0,0,0,2757,238158,13.499,0.156,2955,0.167,0,0,73.61,17643060,66.939,28.1,7.104,4.458,10581.936,3.6,140.448,5.55,2,12.3,80.635,1.5,77.01,0.752
Egypt,97148,123,132.571,5231,19,15.286,949.319,1.202,1.295,51.117,0.186,0.149,0.86,0,0,0,0,0,0,0,0,0,0,0,0,0,0,0,0,62.96,102334403,97.999,25.3,5.159,2.891,10550.206,1.3,525.432,17.31,0.2,50.1,89.827,1.6,71.99,0.696
El Salvador,24200,236,269.429,646,6,7.286,3730.998,36.385,41.539,99.596,0.925,1.123,1.03,0,0,0,0,0,0,0,0,2477,293218,45.206,0.382,2461,0.379,0.109,9.1,89.81,6486201,307.811,27.6,8.273,5.417,7292.458,2.2,167.295,8.87,2.5,18.8,90.65,1.3,73.32,0.674
Equatorial Guinea,4926,34,15,83,0,0,3511.085,24.234,10.691,59.16,0,0,0.41,0,0,0,0,0,0,0,0,0,0,0,0,0,0,0,0,0,1402985,45.194,22.4,2.846,1.752,22604.873,0,202.812,7.78,0,0,24.64,2.1,58.74,0.591
Eritrea,306,0,3,0,0,0,86.284,0,0.846,0,0,0,0.25,0,0,0,0,0,0,0,0,0,0,0,0,0,0,0,0,89.81,3546427,44.304,19.3,3.607,2.171,1510.459,0,311.11,6.05,0.2,11.4,0,0.7,66.32,0.44
Estonia,2244,17,9.571,63,0,0,1691.62,12.815,7.215,47.492,0,0,1.38,0,0,11,8.292,0,0,0,0,1388,164144,123.739,1.046,1154,0.87,0.008,120.6,23.15,1326539,31.033,42.7,19.452,13.491,29481.252,0.5,255.569,4.02,24.5,39.3,0,4.69,78.74,0.871
Eswatini,4128,18,65.429,81,0,1.857,3558.118,15.515,56.396,69.818,0,1.601,0.89,0,0,0,0,0,0,0,0,0,0,0,0,0,0,0,0,64.81,1160164,79.492,21.5,3.163,1.845,7738.975,0,333.436,3.94,1.7,16.5,24.097,2.1,60.19,0.588
Ethiopia,37665,1829,1489,637,17,20.714,327.625,15.909,12.952,5.541,0.148,0.18,1.35,0,0,0,0,0,0,0,0,23035,717128,6.238,0.2,21384,0.186,0.07,14.4,80.56,114963583,104.957,19.8,3.526,2.063,1729.927,26.7,182.634,7.47,0.4,8.5,7.96,0.3,66.6,0.463
Fiji,28,0,0,1,0,0,31.235,0,0,1.116,0,0,0,0,0,0,0,0,0,0,0,53,7942,8.859,0.059,50,0.056,0,0,54.63,896444,49.562,28.6,6.224,3.284,8702.975,1.4,412.82,14.49,10.2,34.8,0,2.3,67.44,0.741
Finland,7871,29,24.429,334,0,0.143,1420.574,5.234,4.409,60.281,0,0.026,1.22,0,0,11,1.985,0,0,0,0,16150,586221,105.802,2.915,13483,2.433,0.002,551.9,32.41,5540718,18.136,42.8,21.228,13.264,40585.721,0,153.507,5.76,18.3,22.6,0,3.28,81.91,0.92
France,271960,15426,3186.429,30508,74,14,4166.468,236.329,48.817,467.387,1.134,0.214,1.23,367,5.622,4720,72.311,0,0,0,0,164949,0,0,2.527,116111,1.779,0.032,31.2,48.15,65273512,122.578,42,19.718,13.079,38605.671,0,86.06,4.77,30.1,35.6,0,5.98,82.66,0.901
Gabon,8388,69,23.286,53,0,0.286,3768.655,31.001,10.462,23.812,0,0.128,1.04,0,0,0,0,0,0,0,0,0,0,0,0,0,0,0,0,66.67,2225728,7.859,23.1,4.45,2.976,16562.413,3.4,259.967,7.2,0,0,0,6.3,66.47,0.702
Gambia,2437,36,116.286,84,3,4.857,1008.415,14.897,48.118,34.759,1.241,2.01,1.11,0,0,0,0,0,0,0,0,0,0,0,0,0,0,0,0,77.78,2416664,207.566,17.5,2.339,1.417,1561.767,10.1,331.43,1.91,0.7,31.2,7.876,1.1,62.05,0.46
Georgia,1385,15,11.286,17,0,0,347.19,3.76,2.829,4.262,0,0,1.04,0,0,0,0,0,0,0,0,0,0,0,0,0,0,0,0,57.41,3989175,65.032,38.7,14.864,10.244,9745.079,4.2,496.218,7.11,5.3,55.5,0,2.6,73.77,0.78
Germany,233029,1737,1319.714,9266,3,5.143,2781.309,20.732,15.751,110.594,0.036,0.061,1.15,0,0,0,0,0,0,0,0,0,0,0,0,144755,1.728,0,0,56.94,83783945,237.016,46.6,21.453,15.957,45229.245,0,156.139,8.31,28.2,33.1,0,8,81.33,0.936
Ghana,43325,65,211.143,261,0,5.429,1394.3,2.092,6.795,8.4,0,0.175,0.97,0,0,0,0,0,0,0,0,1606,435109,14.003,0.052,1306,0.042,0.162,6.2,52.78,31072945,126.719,21.1,3.385,1.948,4227.63,12,298.245,4.97,0.3,7.7,41.047,0.9,64.07,0.592
Greece,8138,204,215.143,238,3,2.143,780.769,19.572,20.641,22.834,0.288,0.206,1.22,0,0,0,0,0,0,0,0,0,0,0,0,17453,1.674,0.012,81.1,56.02,10423056,83.479,45.3,20.396,14.524,24574.382,1.5,175.695,4.55,35.3,52,0,4.21,82.24,0.87
Grenada,24,0,0,0,0,0,213.297,0,0,0,0,0,0,0,0,0,0,0,0,0,0,0,0,0,0,0,0,0,0,0,112519,317.132,29.4,7.304,5.021,13593.877,0,243.964,10.71,0,0,0,3.7,72.4,0.772
Guatemala,66941,958,787.571,2532,26,27.286,3736.471,53.473,43.96,141.33,1.451,1.523,1.01,0,0,0,0,0,0,0,0,3363,215649,12.037,0.188,3038,0.17,0.259,3.9,87.04,17915567,157.834,22.9,4.694,3.016,7423.808,8.7,155.898,10.18,0,0,76.665,0.6,74.3,0.65
Guinea,8932,56,96,53,0,0.429,680.13,4.264,7.31,4.036,0,0.033,1.08,0,0,0,0,0,0,0,0,0,0,0,0,0,0,0,0,70.83,13132792,51.755,19,3.135,1.733,1998.926,35.3,336.717,2.42,0,0,17.45,0.3,61.6,0.459
Guinea-Bissau,2149,0,8.714,33,0,0.571,1091.973,0,4.428,16.768,0,0.29,0.61,0,0,0,0,0,0,0,0,0,0,0,0,0,0,0,0,0,1967998,66.191,19.4,3.002,1.565,1548.675,67.1,382.474,2.42,0,0,6.403,0,58.32,0.455
Guyana,881,35,33.143,30,1,1.143,1120.069,44.498,42.137,38.141,1.271,1.453,1.3,0,0,0,0,0,0,0,0,0,0,0,0,0,0,0,0,73.15,786559,3.952,26.3,5.305,2.837,7435.047,0,373.159,11.62,0,0,77.159,1.6,69.91,0.654
Haiti,8016,19,29.429,196,0,0.571,703.002,1.666,2.581,17.189,0,0.05,0.94,0,0,0,0,0,0,0,0,0,0,0,0,0,0,0,0,21.3,11402533,398.448,24.3,4.8,2.954,1653.173,23.5,430.548,6.65,2.9,23.1,22.863,0.7,64,0.498
Honduras,53381,562,559.143,1632,13,12,5389.512,56.741,56.453,164.772,1.313,1.212,1.05,0,0,0,0,0,0,0,0,0,0,0,0,0,0,0,0,87.96,9904608,82.805,24.9,4.652,2.883,4541.795,16,240.208,7.21,2,0,84.169,0.7,75.27,0.617
Hungary,5098,52,35,611,2,0.571,527.724,5.383,3.623,63.248,0.207,0.059,1.41,0,0,58,6.004,0,0,0,0,3352,393431,40.726,0.347,2963,0.307,0.012,84.7,49.07,9660350,108.043,43.4,18.577,11.976,26777.561,0.5,278.296,7.55,26.8,34.8,0,7.02,76.88,0.838
Iceland,2050,10,9.571,10,0,0,6007.326,29.304,28.048,29.304,0,0,1.04,0,0,1,2.93,0,0,0,0,588,84640,248.029,1.723,436,1.278,0.022,45.6,46.3,341250,3.404,37.3,14.431,9.207,46482.958,0.2,117.992,5.31,14.3,15.2,0,2.91,82.99,0.935
India,2975701,69876,64254.143,55794,945,965.429,2156.298,50.635,46.561,40.43,0.685,0.7,1.09,0,0,0,0,0,0,0,0,805985,33467237,24.252,0.584,824689,0.598,0.078,12.8,79.63,1380004385,450.419,28.2,5.989,3.414,6426.674,21.2,282.28,10.39,1.9,20.6,59.55,0.53,69.66,0.64
Indonesia,149408,2197,2040.714,6500,82,68.429,546.234,8.032,7.461,23.764,0.3,0.25,1.08,0,0,0,0,0,0,0,0,0,0,0,0,12642,0.046,0.161,6.2,59.72,273523621,145.725,29.3,5.319,3.053,11188.744,5.7,342.864,6.32,2.8,76.1,64.204,1.04,71.72,0.694
International,721,0,0,15,0,0,0,0,0,0,0,0,0,0,0,0,0,0,0,0,0,0,0,0,0,0,0,0,0,0,0,0,0,0,0,0,0,0,0,0,0,0,0,0,0
Iran,354764,2206,2277,20376,112,149.286,4223.735,26.264,27.109,242.592,1.333,1.777,0.93,0,0,0,0,0,0,0,0,0,0,0,0,25005,0.298,0.091,11,60.19,83992953,49.831,32.4,5.44,3.182,19082.62,0.2,270.308,9.59,0.8,21.1,0,1.5,76.68,0.798
Iraq,197085,4288,4113.571,6283,75,82,4899.869,106.607,102.27,156.206,1.865,2.039,1.07,0,0,0,0,0,0,0,0,0,0,0,0,20823,0.518,0.198,5.1,92.59,40222503,88.125,20,3.186,1.957,15663.986,2.5,218.612,8.83,0,0,94.576,1.4,70.6,0.685
Ireland,27755,79,108.571,1776,0,0.286,5620.929,15.999,21.988,359.675,0,0.058,1.26,6,1.215,18,3.645,0,0,0,0,13080,760784,154.074,2.649,8795,1.781,0.012,81,70.83,4937796,69.874,38.7,13.928,8.678,67335.293,0.2,126.459,3.28,23,25.7,0,2.96,82.3,0.938
Israel,101329,1493,1392,819,13,12,11706.836,172.491,160.822,94.621,1.502,1.386,1,0,0,0,0,0,0,0,0,27218,2231279,257.786,3.145,22888,2.644,0.061,16.4,37.96,8655541,402.606,30.6,11.733,7.359,33132.32,0.5,93.32,6.74,15.4,35.4,0,2.99,82.97,0.903
Italy,257065,947,608,35427,9,27.571,4251.691,15.663,10.056,585.94,0.149,0.456,1.57,69,1.141,988,16.341,0,0,0,0,71996,7862592,130.042,1.191,56444,0.934,0.011,92.8,54.63,60461828,205.859,47.9,23.021,16.24,35220.084,2,113.151,4.78,19.8,27.8,0,3.18,83.51,0.88
Jamaica,1346,56,37.714,16,1,0.286,454.551,18.912,12.736,5.403,0.338,0.096,1.63,0,0,0,0,0,0,0,0,1080,51649,17.442,0.365,861,0.291,0.044,22.8,73.15,2961161,266.879,31.4,9.684,6.39,8193.571,0,206.537,11.28,5.3,28.6,66.425,1.7,74.47,0.732
Japan,60949,1049,1018.714,1175,18,13.571,481.9,8.294,8.055,9.29,0.142,0.107,0.89,0,0,0,0,0,0,0,0,21866,1153876,9.123,0.173,18835,0.149,0.054,18.5,32.41,126476458,347.778,48.2,27.049,18.493,39002.223,0,79.37,5.72,11.2,33.7,0,13.05,84.63,0.909
Jordan,1532,34,29,11,0,0,150.15,3.332,2.842,1.078,0,0,1.6,0,0,0,0,0,0,0,0,0,0,0,0,0,0,0,0,56.48,10203140,109.285,23.2,3.81,2.361,8337.49,0.1,208.257,11.75,0,0,0,1.4,74.53,0.735
Kazakhstan,125335,979,974.429,1658,6,32.143,6675.026,52.139,51.896,88.301,0.32,1.712,0.55,0,0,0,0,0,0,0,0,15331,2389557,127.262,0.816,14033,0.747,0.069,14.4,79.63,18776707,6.681,30.6,6.991,4.625,24055.588,0.1,466.792,7.11,7,43.1,98.999,6.7,73.6,0.8
Kenya,31763,322,347,532,16,9.571,590.705,5.988,6.453,9.894,0.298,0.178,0.76,0,0,0,0,0,0,0,0,0,412080,7.664,0,4395,0.082,0.079,12.7,70.37,53771300,87.324,20,2.686,1.528,2993.028,36.8,218.637,2.92,1.2,20.4,24.651,1.4,66.7,0.59
Kosovo,12168,162,148.286,448,10,9.571,6295.614,83.817,76.722,231.791,5.174,4.952,0.9,0,0,0,0,0,0,0,0,0,0,0,0,0,0,0,0,69.44,1932774,168.155,0,0,0,9795.834,0.6,0,0,0,0,0,0,0,0
Kuwait,79269,502,583.429,511,2,2.429,18561.721,117.549,136.616,119.656,0.468,0.569,0.98,0,0,0,0,0,0,0,0,3530,581118,136.075,0.827,4077,0.955,0.143,7,65.74,4270563,232.128,33.7,2.345,1.114,65530.537,0,132.235,15.84,2.7,37,0,2,75.49,0.803
Kyrgyzstan,42703,196,190,1055,-443,-62.286,6545.333,30.042,29.122,161.706,-67.901,-9.547,0.65,0,0,0,0,0,0,0,0,0,0,0,0,0,0,0,0,79.17,6524191,32.333,26.3,4.489,2.882,3393.474,1.4,436.362,7.11,3.6,50.5,89.22,4.5,71.45,0.672
Laos,22,0,0,0,0,0,3.024,0,0,0,0,0,0,0,0,0,0,0,0,0,0,0,0,0,0,0,0,0,0,36.11,7275556,29.715,24.4,4.029,2.322,6397.36,22.7,368.111,4,7.3,51.2,49.839,1.5,67.92,0.601
Latvia,1330,3,3.143,33,0,0.143,705.121,1.59,1.666,17.495,0,0.076,1.05,0,0,3,1.59,0,0,0,0,1602,234520,124.335,0.849,1713,0.908,0.002,545,41.67,1886202,31.212,43.9,19.754,14.136,25063.846,0.7,350.06,4.91,25.6,51,0,5.57,75.29,0.847
Lebanon,11580,628,505,116,3,3.143,1696.593,92.009,73.988,16.995,0.44,0.46,1.24,0,0,0,0,0,0,0,0,0,0,0,0,0,0,0,0,64.81,6825442,594.561,31.1,8.514,5.43,13367.565,0,266.591,12.71,26.9,40.7,0,2.9,78.93,0.757
Lesotho,1015,19,18.714,30,0,0.714,473.8,8.869,8.736,14.004,0,0.333,0.98,0,0,0,0,0,0,0,0,0,0,0,0,0,0,0,0,71.3,2142252,73.562,22.2,4.506,2.647,2851.153,59.6,405.126,3.94,0.4,53.9,2.117,0,54.33,0.52
Liberia,1285,1,4.714,82,0,0,254.069,0.198,0.932,16.213,0,0,0.89,0,0,0,0,0,0,0,0,0,0,0,0,0,0,0,0,64.81,5057677,49.127,19.2,3.057,1.756,752.788,38.6,272.509,2.42,1.5,18.1,1.188,0.8,64.1,0.435
Libya,10121,414,399.143,180,7,5.857,1472.941,60.251,58.089,26.196,1.019,0.852,1.22,0,0,0,0,0,0,0,0,2562,0,0,0.373,2989,0.435,0.134,7.5,87.96,6871287,3.623,29,4.424,2.816,17881.509,0,341.862,10.43,0,0,0,3.7,72.91,0.706
Liechtenstein,99,0,1.143,1,0,0,2595.904,0,29.967,26.221,0,0,0,0,0,0,0,0,0,0,0,0,0,0,0,0,0,0,0,0,38137,237.012,0,0,0,0,0,0,7.77,0,0,0,2.397,82.49,0.916
Lithuania,2564,36,30.286,83,1,0.286,941.854,13.224,11.125,30.489,0.367,0.105,1.22,0,0,0,0,0,0,0,0,4610,552536,202.967,1.693,3490,1.282,0.009,115.2,34.26,2722291,45.135,43.5,19.002,13.778,29524.265,0.7,342.989,3.67,21.3,38,0,6.56,75.93,0.858
Luxembourg,7704,67,42.714,124,0,0.286,12307.181,107.033,68.236,198.091,0,0.456,0.98,1,1.598,27,43.133,0,0,0,0,7838,597988,955.289,12.521,4771,7.622,0.009,111.7,43.52,625976,231.447,39.7,14.312,9.842,94277.965,0.2,128.275,4.42,20.9,26,0,4.51,82.25,0.904
Madagascar,14218,64,82.143,178,1,2,513.452,2.311,2.966,6.428,0.036,0.072,0.73,0,0,0,0,0,0,0,0,478,54432,1.966,0.017,495,0.018,0.166,6,72.22,27691019,43.951,19.6,2.929,1.686,1416.44,77.6,405.994,3.94,0,0,50.54,0.2,67.04,0.519
Malawi,5322,40,47.714,166,1,1.429,278.202,2.091,2.494,8.677,0.052,0.075,0.87,0,0,0,0,0,0,0,0,448,41474,2.168,0.023,432,0.023,0.11,9.1,64.81,19129955,197.519,18.1,2.979,1.783,1095.042,71.4,227.349,3.94,4.4,24.7,8.704,1.3,64.26,0.477
Malaysia,9249,9,14.286,125,0,0,285.763,0.278,0.441,3.862,0,0,0.96,0,0,0,0,0,0,0,0,8250,1160390,35.852,0.255,9232,0.285,0.002,646.2,57.41,32365998,96.254,29.9,6.293,3.407,26808.164,0.1,260.942,16.74,1,42.4,0,1.9,76.16,0.802
Maldives,6564,194,141.714,26,2,0.571,12143.367,358.899,262.171,48.1,3.7,1.057,1.07,0,0,0,0,0,0,0,0,1497,101730,188.2,2.769,1098,2.031,0.129,7.7,0,540542,1454.433,30.6,4.12,2.875,15183.616,0,164.905,9.19,2.1,55,95.803,0,78.92,0.717
Mali,2688,21,13,125,0,0,132.735,1.037,0.642,6.173,0,0,1.08,0,0,0,0,0,0,0,0,0,0,0,0,0,0,0,0,47.22,20250834,15.196,16.4,2.519,1.486,2014.306,0,268.024,2.42,1.6,23,52.232,0.1,59.31,0.427
Malta,1546,36,38.571,10,1,0.143,3501.389,81.533,87.357,22.648,2.265,0.324,1.07,0,0,0,0,0,0,0,0,2310,171090,387.486,5.232,2368,5.363,0.016,61.4,0,441539,1454.037,42.4,19.426,11.324,36513.323,0.2,168.711,8.83,20.9,30.2,0,4.485,82.53,0.878
Marshall Islands,0,0,0,0,0,0,0,0,0,0,0,0,0,0,0,0,0,0,0,0,0,0,0,0,0,0,0,0,0,0,59194,295.15,0,0,0,3819.202,0,557.793,30.53,0,0,82.502,2.7,73.7,0.708
Mauritania,6885,37,29.857,158,0,0.143,1480.753,7.958,6.421,33.981,0,0.031,0.89,0,0,0,0,0,0,0,0,0,0,0,0,290,0.062,0.103,9.7,29.63,4649660,4.289,20.3,3.138,1.792,3597.633,6,232.347,2.42,0,0,15.95,0,64.92,0.52
Mauritius,346,0,0.143,10,0,0,272.062,0,0.112,7.863,0,0,0.23,0,0,0,0,0,0,0,0,0,0,0,0,0,0,0,0,16.67,1271767,622.962,37.4,10.945,5.884,20292.745,0.5,224.644,22.02,3.2,40.7,0,3.4,74.99,0.79
Mexico,549734,5928,5480.714,59610,504,528.857,4263.727,45.977,42.508,462.334,3.909,4.102,0.97,0,0,0,0,0,0,0,0,14291,1263724,9.801,0.111,11738,0.091,0.467,2.1,74.54,128932753,66.444,29.3,6.857,4.321,17336.469,2.5,152.783,13.06,6.9,21.4,87.847,1.38,75.05,0.774
Moldova,32484,547,428.714,929,8,6.429,8052.627,135.599,106.276,230.295,1.983,1.594,1.13,0,0,0,0,0,0,0,0,0,0,0,0,0,0,0,0,57.41,4033963,123.655,37.6,10.864,6.955,5189.972,0.2,408.502,5.72,5.9,44.6,86.979,5.8,71.9,0.7
Monaco,154,4,1.143,4,0,0,3924.167,101.926,29.122,101.926,0,0,0.79,0,0,0,0,0,0,0,0,0,0,0,0,0,0,0,0,0,39244,19347.5,0,0,0,0,0,0,5.46,0,0,0,13.8,86.75,0
Mongolia,298,0,0,0,0,0,90.901,0,0,0,0,0,0.25,0,0,0,0,0,0,0,0,0,0,0,0,0,0,0,0,60.19,3278292,1.98,28.6,4.031,2.421,11840.846,0.5,460.043,4.82,5.5,46.5,71.18,7,69.87,0.741
Montenegro,4277,48,49.571,82,1,1.286,6809.837,76.426,78.928,130.56,1.592,2.047,0.91,0,0,0,0,0,0,0,0,0,0,0,0,0,0,0,0,0,628062,46.28,39.1,14.762,9.395,16409.288,1,387.305,10.08,44,47.9,0,3.861,76.88,0.814
Morocco,49247,1609,1429.429,817,42,29.429,1334.225,43.592,38.727,22.135,1.138,0.797,1.14,0,0,0,0,0,0,0,0,22178,1714583,46.452,0.601,22008,0.596,0.065,15.4,70.37,36910558,80.08,29.6,6.769,4.209,7485.013,1,419.146,7.14,0.8,47.1,0,1.1,76.68,0.667
Mozambique,3195,80,69.571,20,0,0.143,102.222,2.56,2.226,0.64,0,0.005,1.11,0,0,0,0,0,0,0,0,1622,83886,2.684,0.052,1208,0.039,0.058,17.4,64.35,31255435,37.728,17.7,3.158,1.87,1136.103,62.9,329.942,3.3,5.1,29.1,12.227,0.7,60.85,0.437
Myanmar,435,36,8.714,6,0,0,7.995,0.662,0.16,0.11,0,0,1.87,0,0,0,0,0,0,0,0,1538,144054,2.648,0.028,1431,0.026,0.006,164.2,77.78,54409794,81.721,29.1,5.732,3.12,5591.597,6.4,202.104,4.61,6.3,35.2,79.287,0.9,67.13,0.578
Namibia,5227,315,214.429,42,1,1.571,2057.132,123.971,84.39,16.529,0.394,0.618,1.19,0,0,0,0,0,0,0,0,1378,47122,18.545,0.542,1197,0.471,0.179,5.6,63.89,2540916,3.078,22,3.552,2.085,9541.808,13.4,243.811,3.94,9.7,34.2,44.6,0,63.71,0.647
Nepal,30483,838,704.571,137,11,5.429,1046.202,28.761,24.181,4.702,0.378,0.186,1.3,0,0,0,0,0,0,0,0,13679,579899,19.903,0.469,12184,0.418,0.058,17.3,82.41,29136808,204.43,25,5.809,3.212,2442.804,15,260.797,7.26,9.5,37.8,47.782,0.3,70.78,0.574
Netherlands,67456,613,618.429,6219,4,4.286,3936.767,35.775,36.092,362.944,0.233,0.25,1.05,54,3.151,0,0,0,0,0,0,0,0,0,0,21424,1.25,0,0,50.93,17134873,508.544,43.2,18.779,11.881,48472.545,0,109.361,5.29,24.4,27.3,0,3.32,82.28,0.931
New Zealand,1671,6,8.857,22,0,0,346.52,1.244,1.837,4.562,0,0,1.13,0,0,0,0,0,0,0,0,12009,676505,140.289,2.49,19200,3.982,0,2167.8,68.98,4822233,18.206,37.9,15.322,9.72,36085.843,0,128.797,8.08,14.8,17.2,0,2.61,82.29,0.917
Nicaragua,4311,0,28,133,0,0.714,650.761,0,4.227,20.077,0,0.108,0.35,0,0,0,0,0,0,0,0,0,0,0,0,0,0,0,0,20.37,6624554,51.667,27.3,5.445,3.519,5321.444,3.2,137.016,11.47,0,0,0,0.9,74.48,0.658
Niger,1172,3,1.571,69,0,0,48.416,0.124,0.065,2.85,0,0,0.75,0,0,0,0,0,0,0,0,0,0,0,0,0,0,0,0,17.59,24206636,16.955,15.1,2.553,1.378,926,44.5,238.339,2.42,0.1,15.4,8.978,0.3,62.42,0.354
Nigeria,51304,340,408.429,996,4,3.286,248.88,1.649,1.981,4.832,0.019,0.016,0.9,0,0,0,0,0,0,0,0,3660,369904,1.794,0.018,3644,0.018,0.112,8.9,65.74,206139587,209.588,18.1,2.751,1.447,5338.454,0,181.013,2.42,0.6,10.8,41.949,0,54.69,0.532
North Macedonia,13308,114,113.286,557,3,3.143,6387.697,54.719,54.376,267.354,1.44,1.509,0.97,0,0,0,0,0,0,0,0,1733,134206,64.417,0.832,1598,0.767,0.071,14.1,0,2083380,82.6,39.1,13.26,8.16,13111.214,5,322.688,10.08,0,0,0,4.28,75.8,0.757
Norway,10275,78,52.429,264,0,0.429,1895.322,14.388,9.671,48.697,0,0.079,1.14,0,0,13,2.398,0,0,0,0,15269,704202,129.897,2.817,13434,2.478,0.004,256.2,37.96,5421242,14.462,39.7,16.821,10.813,64800.057,0.2,114.316,5.31,19.6,20.7,0,3.6,82.4,0.953
Oman,83769,0,146.571,609,0,7.429,16403.995,0,28.702,119.257,0,1.455,1,0,0,0,0,0,0,0,0,0,0,0,0,0,0,0,0,86.11,5106622,14.98,30.7,2.355,1.53,37960.709,0,266.342,12.61,0.5,15.6,97.4,1.6,77.86,0.821
Pakistan,291588,630,612.571,6219,10,9.429,1320.046,2.852,2.773,28.154,0.045,0.043,0.86,0,0,0,0,0,0,0,0,25613,2389365,10.817,0.116,22851,0.103,0.027,37.3,47.69,220892331,255.573,23.5,4.495,2.78,5034.708,4,423.031,8.35,2.8,36.7,59.607,0.6,67.27,0.562
Palestine,18313,324,354.143,122,2,2.286,3589.788,63.512,69.421,23.915,0.392,0.448,1.02,0,0,0,0,0,0,0,0,0,0,0,0,0,0,0,0,83.33,5101416,778.202,20.4,3.043,1.726,4449.898,1,265.91,10.59,0,0,0,0,74.05,0.686
Panama,84392,537,712.857,1859,15,17.857,19558.873,124.456,165.213,430.846,3.476,4.139,0.92,0,0,0,0,0,0,0,0,4320,288665,66.902,1.001,3770,0.874,0.189,5.3,81.48,4314768,55.133,29.7,7.918,5.03,22267.037,2.2,128.346,8.33,2.4,9.9,0,2.3,78.51,0.789
Papua New Guinea,361,0,12.857,4,0,0.143,40.349,0,1.437,0.447,0,0.016,0.8,0,0,0,0,0,0,0,0,0,0,0,0,0,0,0,0,47.22,8947027,18.22,22.6,3.808,2.142,3823.194,0,561.494,17.65,23.5,48.8,0,0,64.5,0.544
Paraguay,12536,719,502,182,12,10.571,1757.581,100.806,70.382,25.517,1.682,1.482,1.27,0,0,0,0,0,0,0,0,3150,169260,23.731,0.442,2844,0.399,0.177,5.7,78.7,7132530,17.144,26.5,6.378,3.833,8827.01,1.7,199.128,8.27,5,21.6,79.602,1.3,74.25,0.702
Peru,567059,8639,7251.857,27034,200,168.286,17198.279,262.011,219.941,819.912,6.066,5.104,1.07,0,0,0,0,0,0,0,0,8875,598277,18.145,0.269,7097,0.215,0,0,85.19,32971846,25.129,29.1,7.151,4.455,12236.706,3.5,85.755,5.95,4.8,0,0,1.6,76.74,0.75
Philippines,182365,4343,4100.714,2940,57,71.143,1664.201,39.633,37.422,26.829,0.52,0.649,1.02,0,0,0,0,0,0,0,0,38376,2141983,19.547,0.35,34374,0.314,0.119,8.4,71.76,109581085,351.873,25.2,4.803,2.661,7599.188,0,370.437,7.07,7.8,40.8,78.463,1,71.23,0.699
Poland,60281,903,708.857,1938,13,11.429,1592.772,23.859,18.73,51.207,0.343,0.302,1.06,0,0,2151,56.835,0,0,0,0,28666,2386438,63.056,0.757,21920,0.579,0.032,30.9,39.81,37846605,124.027,41.8,16.763,10.202,27216.445,0,227.331,5.91,23.3,33.1,0,6.62,78.73,0.865
Portugal,55211,219,204,1792,4,2.857,5414.591,21.478,20.006,175.743,0.392,0.28,1.11,41,4.021,321,31.481,0,0,0,0,14822,1938820,190.142,1.454,13933,1.366,0.015,68.3,66.2,10196707,112.371,46.2,21.502,14.924,27936.896,0.5,127.842,9.85,16.3,30,0,3.39,82.05,0.847
Qatar,116481,257,278.429,193,0,0.429,40429.911,89.203,96.641,66.989,0,0.149,0.93,0,0,0,0,0,0,0,0,4849,577122,200.316,1.683,4943,1.716,0.056,17.8,77.78,2881060,227.322,31.9,1.307,0.617,116935.6,0,176.69,16.52,0.8,26.9,0,1.2,80.23,0.856
Romania,76355,1392,1187,3196,42,41.714,3969.033,72.358,61.702,166.132,2.183,2.168,1.01,497,25.835,0,0,0,0,0,0,25363,1616378,84.021,1.318,19760,1.027,0.06,16.6,42.59,19237682,85.129,43,17.85,11.69,23313.199,5.7,370.946,9.74,22.9,37.1,0,6.892,76.05,0.811
Russia,944671,4838,4841.857,16148,90,97.286,6473.255,33.152,33.178,110.652,0.617,0.667,0.97,0,0,0,0,0,0,0,0,0,0,0,0,272755,1.869,0.018,56.3,54.17,145934460,8.823,39.6,14.178,9.393,24765.954,0.1,431.297,6.18,23.4,58.3,0,8.05,72.58,0.816
Rwanda,2780,63,69.571,11,0,0.429,214.635,4.864,5.371,0.849,0,0.033,1.46,0,0,0,0,0,0,0,0,5700,357083,27.569,0.44,4740,0.366,0.015,68.1,75.93,12952209,494.869,20.3,2.974,1.642,1854.211,56,191.375,4.28,4.7,21,4.617,0,69.02,0.524
Saint Kitts and Nevis,17,0,0,0,0,0,319.597,0,0,0,0,0,0,0,0,0,0,0,0,0,0,0,0,0,0,0,0,0,0,0,53192,212.865,0,0,0,24654.385,0,0,12.84,0,0,0,2.3,76.23,0.778
Saint Lucia,26,0,0.143,0,0,0,141.59,0,0.778,0,0,0,0,0,0,0,0,0,0,0,0,0,0,0,0,0,0,0,0,0,183629,293.187,34.9,9.721,6.405,12951.839,0,204.62,11.62,0,0,87.202,1.3,76.2,0.747
Saint Vincent and the Grenadines,58,0,0.143,0,0,0,522.772,0,1.288,0,0,0,0,0,0,0,0,0,0,0,0,0,0,0,0,0,0,0,0,0,110947,281.787,31.8,7.724,4.832,10727.146,0,252.675,11.62,0,0,0,2.6,72.53,0.723
Samoa,0,0,0,0,0,0,0,0,0,0,0,0,0,0,0,0,0,0,0,0,0,0,0,0,0,0,0,0,0,0,198410,69.413,22,5.606,3.564,6021.557,0,348.977,9.21,16.7,38.1,0,0,73.32,0.713
San Marino,704,0,0.714,42,0,0,20743.709,0,21.047,1237.551,0,0,0.26,0,0,0,0,0,0,0,0,0,0,0,0,0,0,0,0,33.33,33938,556.667,0,0,0,56861.47,0,0,5.64,0,0,0,3.8,84.97,0
Sao Tome and Principe,891,3,0.857,15,0,0,4065.504,13.689,3.911,68.443,0,0,0.58,0,0,0,0,0,0,0,0,0,0,0,0,0,0,0,0,0,219161,212.841,18.7,2.886,2.162,3052.714,32.3,270.113,2.42,0,0,41.34,2.9,70.39,0.589
Saudi Arabia,305186,1213,1326.286,3580,32,34.571,8766.22,34.842,38.096,102.833,0.919,0.993,0.87,0,0,0,0,0,0,0,0,62278,4767905,136.954,1.789,63238,1.816,0.021,47.7,60.19,34813867,15.322,31.9,3.295,1.845,49045.411,0,259.538,17.72,1.8,25.4,0,2.7,75.13,0.853
Senegal,12689,130,116.714,262,1,1.857,757.827,7.764,6.971,15.647,0.06,0.111,0.93,0,0,0,0,0,0,0,0,1421,140320,8.38,0.085,1369,0.082,0.085,11.7,37.96,16743930,82.328,18.7,3.008,1.796,2470.58,38,241.219,2.42,0.4,16.6,20.859,0,67.94,0.505
Serbia,30378,169,163.571,692,3,3.857,4464.336,24.836,24.038,101.696,0.441,0.567,0.72,0,0,0,0,0,0,0,0,11618,854059,125.512,1.707,9226,1.356,0.018,56.4,58.33,6804596,80.291,41.2,17.366,0,14048.881,0,439.415,10.08,37.7,40.2,97.719,5.609,76,0.787
Seychelles,132,0,0.714,0,0,0,1342.282,0,7.263,0,0,0,0.18,0,0,0,0,0,0,0,0,0,0,0,0,0,0,0,0,34.26,98340,208.354,36.2,8.606,5.586,26382.287,1.1,242.648,10.55,7.1,35.7,0,3.6,73.4,0.797
Sierra Leone,1972,3,3.571,69,0,0,247.211,0.376,0.448,8.65,0,0,0.96,0,0,0,0,0,0,0,0,0,0,0,0,0,0,0,0,29.63,7976985,104.7,19.1,2.538,1.285,1390.3,52.2,325.721,2.42,8.8,41.3,19.275,0,54.7,0.419
Singapore,56216,117,90.857,27,0,0,9609.009,19.999,15.53,4.615,0,0,0.61,0,0,0,0,0,0,0,0,0,0,0,0,17228,2.945,0.005,189.6,50,5850343,7915.731,42.4,12.922,7.049,85535.383,0,92.243,10.99,5.2,28.3,0,2.4,83.62,0.932
Slovakia,3225,123,60.571,33,0,0.286,590.698,22.529,11.094,6.044,0,0.052,1.34,0,0,39,7.143,0,0,0,0,3833,311099,56.982,0.702,2611,0.478,0.023,43.1,32.41,5459643,113.128,41.2,15.07,9.167,30155.152,0.7,287.959,7.29,23.1,37.7,0,5.82,77.54,0.855
Slovenia,2574,38,29.286,130,1,0.143,1238.136,18.279,14.087,62.532,0.481,0.069,1.3,0,0,18,8.658,0,0,0,0,1203,148022,71.201,0.579,925,0.445,0.032,31.6,50,2078932,102.619,44.5,19.062,12.93,31400.84,0,153.493,7.25,20.1,25,0,4.5,81.32,0.896
Solomon Islands,0,0,0,0,0,0,0,0,0,0,0,0,0,0,0,0,0,0,0,0,0,0,0,0,0,0,0,0,0,33.33,686878,21.841,20.8,3.507,2.043,2205.923,25.1,459.78,18.68,0,0,35.89,1.4,73,0.546
Somalia,3265,0,2.143,93,0,0,205.434,0,0.135,5.852,0,0,0.71,0,0,0,0,0,0,0,0,0,0,0,0,0,0,0,0,17.59,15893219,23.5,16.8,2.731,1.496,0,0,365.769,6.05,0,0,9.831,0.9,57.4,0
South Africa,603338,3398,3456.857,12843,225,183.857,10172.843,57.293,58.286,216.545,3.794,3.1,0.72,0,0,0,0,0,0,0,0,24224,3504507,59.089,0.408,21914,0.369,0.158,6.3,77.78,59308690,46.754,27.3,5.344,3.053,12294.876,18.9,200.38,5.52,8.1,33.2,43.993,2.32,64.13,0.699
South Korea,17002,332,280.429,309,0,0.571,331.622,6.476,5.47,6.027,0,0.011,1.74,0,0,0,0,0,0,0,0,16993,1716078,33.472,0.331,10161,0.198,0.028,36.2,50.46,51269183,527.967,43.4,13.914,8.622,35938.374,0.2,85.998,6.8,6.2,40.9,0,12.27,83.03,0.903
South Sudan,2497,3,2.143,47,0,0,223.071,0.268,0.191,4.199,0,0,0.92,0,0,0,0,0,0,0,0,0,0,0,0,0,0,0,0,77.78,11193729,0,19.2,3.441,2.032,1569.888,0,280.775,10.43,0,0,0,0,57.85,0.388
Spain,386054,8148,6177.286,28838,25,31.571,8256.995,174.271,132.121,616.793,0.535,0.675,1.38,541,11.571,4703,100.589,0,0,0,0,0,0,0,0,70660,1.511,0.087,11.4,62.5,46754783,93.105,45.5,19.436,13.799,34272.36,1,99.403,7.17,27.4,31.4,0,2.97,83.56,0.891
Sri Lanka,2941,23,7.857,11,0,0,137.345,1.074,0.367,0.514,0,0,1.2,0,0,0,0,0,0,0,0,2759,202907,9.476,0.129,2541,0.119,0.003,323.4,29.63,21413250,341.955,34.1,10.069,5.331,11669.077,0.7,197.093,10.68,0.3,27,0,3.6,76.98,0.77
Sudan,12623,41,65.857,812,0,2.714,287.873,0.935,1.502,18.518,0,0.062,1.03,0,0,0,0,0,0,0,0,0,0,0,0,0,0,0,0,75.46,43849269,23.258,19.7,3.548,2.034,4466.507,0,431.388,15.67,0,0,23.437,0.8,65.31,0.502
Suriname,3460,94,88.857,56,1,2.143,5898.056,160.236,151.469,95.46,1.705,3.653,0.98,0,0,0,0,0,0,0,0,0,0,0,0,0,0,0,0,85.19,586634,3.612,29.6,6.933,4.229,13767.119,0,258.314,12.54,7.4,42.9,67.779,3.1,71.68,0.72
Sweden,82954,298,251.286,5816,1,1.714,8213.861,29.507,24.882,575.883,0.099,0.17,1.1,0,0,0,0,0,0,0,0,9364,0,0,0.927,9000,0.891,0.028,35.8,55.56,10099270,24.718,41,19.985,13.433,46949.283,0.5,133.982,4.79,18.8,18.9,0,2.22,82.8,0.933
Switzerland,39332,306,237.286,2000,2,1.286,4544.626,35.357,27.417,231.09,0.231,0.149,1.19,0,0,0,0,0,0,0,0,9984,933561,107.869,1.154,7953,0.919,0.03,33.5,43.06,8654618,214.243,43.1,18.436,12.644,57410.166,0,99.739,5.59,22.6,28.9,0,4.53,83.78,0.944
Syria,2073,65,79.714,83,1,3.571,118.453,3.714,4.555,4.743,0.057,0.204,1.14,0,0,0,0,0,0,0,0,0,0,0,0,0,0,0,0,62.04,17500657,0,21.7,0,2.577,0,0,376.264,0,0,0,70.598,1.5,72.7,0.536
Taiwan,487,1,0.857,7,0,0,20.448,0.042,0.036,0.294,0,0,0.79,0,0,0,0,0,0,0,0,217,85774,3.601,0.009,191,0.008,0.004,222.9,23.15,23816775,0,42.2,0,8.353,0,0,103.957,0,0,0,0,0,80.46,0
Tajikistan,8241,38,36,66,0,0.429,864.05,3.984,3.775,6.92,0,0.045,0.94,0,0,0,0,0,0,0,0,0,0,0,0,0,0,0,0,47.22,9537642,64.281,23.3,3.466,2.155,2896.913,4.8,427.698,7.11,0,0,72.704,4.8,71.1,0.65
Tanzania,509,0,0,21,0,0,8.521,0,0,0.352,0,0,0,0,0,0,0,0,0,0,0,0,0,0,0,0,0,0,0,22.22,59734213,64.699,17.7,3.108,1.874,2683.304,49.1,217.288,5.75,3.3,26.7,47.953,0.7,65.46,0.538
Thailand,3390,1,2,58,0,0,48.567,0.014,0.029,0.831,0,0,1.01,0,0,0,0,0,0,0,0,4297,878226,12.582,0.062,4410,0.063,0,2205,50,69799978,135.132,40.1,11.373,6.89,16277.671,0.1,109.861,7.04,1.9,38.8,90.67,2.1,77.15,0.755
Timor,25,0,0,0,0,0,18.962,0,0,0,0,0,0,0,0,0,0,0,0,0,0,0,0,0,0,0,0,0,0,29.63,1318442,87.176,18,3.556,1.897,6570.102,30.3,335.346,6.86,6.3,78.1,28.178,5.9,69.5,0.625
Togo,1239,27,16.429,27,0,0.143,149.661,3.261,1.984,3.261,0,0.017,1.05,0,0,0,0,0,0,0,0,686,56444,6.818,0.083,701,0.085,0.023,42.7,48.15,8278737,143.366,19.4,2.839,1.525,1429.813,49.2,280.033,6.15,0.9,14.2,10.475,0.7,61.04,0.503
Trinidad and Tobago,864,97,62.571,12,0,0.286,617.367,69.311,44.71,8.575,0,0.204,1.72,0,0,0,0,0,0,0,0,464,15949,11.396,0.332,712,0.509,0.088,11.4,80.56,1399491,266.886,36.2,10.014,5.819,28763.071,0,228.467,10.97,0,0,89.443,3,73.51,0.784
Tunisia,2607,64,100.571,64,1,1.571,220.584,5.415,8.51,5.415,0.085,0.133,1.49,0,0,0,0,0,0,0,0,1461,126596,10.712,0.124,1803,0.153,0.056,17.9,24.07,11818618,74.228,32.7,8.001,5.075,10849.297,2,318.991,8.52,1.1,65.8,78.687,2.3,76.7,0.735
Turkey,255723,1203,1266,6080,22,20.857,3032.082,14.264,15.011,72.09,0.261,0.247,1.04,0,0,0,0,0,0,0,0,92227,6154157,72.969,1.094,80298,0.952,0.016,63.4,48.15,84339067,104.914,31.6,8.153,5.061,25129.341,0.2,171.285,12.13,14.1,41.1,0,2.81,77.69,0.791
Uganda,1848,98,66.143,19,0,1,40.401,2.142,1.446,0.415,0,0.022,1.72,0,0,0,0,0,0,0,0,0,0,0,0,3920,0.086,0.017,59.3,81.48,45741000,213.759,16.4,2.168,1.308,1697.707,41.6,213.333,2.5,3.4,16.7,21.222,0.5,63.37,0.516
Ukraine,102948,2138,1861.571,2248,23,29.429,2353.971,48.887,42.566,51.402,0.526,0.673,1.2,0,0,0,0,0,0,0,0,21821,1378519,31.521,0.499,17954,0.411,0.104,9.6,57.87,43733759,77.39,41.4,16.462,11.133,7894.393,0.1,539.849,7.11,13.5,47.4,0,8.8,72.06,0.751
United Arab Emirates,66193,391,339.143,370,1,1.571,6692.651,39.533,34.29,37.41,0.101,0.159,1.21,0,0,0,0,0,0,0,0,82191,6348109,641.846,8.31,71487,7.228,0.005,210.8,43.52,9890400,112.442,34,1.144,0.526,67293.483,0,317.84,17.26,1.2,37.4,0,1.2,77.97,0.863
United Kingdom,325263,1060,1010.429,41491,2,6.857,4791.312,15.614,14.884,611.186,0.029,0.101,1.1,72,1.061,834,12.285,0,0,0,0,180335,12798368,188.527,2.656,165598,2.439,0.006,163.9,66.2,67886004,272.898,40.8,18.517,12.527,39753.244,0.2,122.137,4.28,20,24.7,0,2.54,81.32,0.922
United States,5608748,48253,44174.571,175397,1112,986.143,16944.722,145.778,133.457,529.896,3.359,2.979,0.9,8357,25.248,41047,124.008,0,0,0,0,939937,82355710,248.807,2.84,816809,2.468,0,0,67.13,331002647,35.608,38.3,15.413,9.732,54225.446,1.2,151.089,10.79,19.1,24.6,0,2.77,78.86,0.924
Uruguay,1516,10,13.571,42,1,0.571,436.419,2.879,3.907,12.091,0.288,0.165,1.07,0,0,0,0,0,0,0,0,0,0,0,0,1995,0.574,0.007,147,32.41,3473727,19.751,35.6,14.655,10.361,20551.409,0.1,160.708,6.93,14,19.9,0,2.8,77.91,0.804
Uzbekistan,38074,527,607.571,260,8,5.714,1137.583,15.746,18.153,7.768,0.239,0.171,0.87,0,0,0,0,0,0,0,0,0,0,0,0,0,0,0,0,51.85,33469199,76.134,28.2,4.469,2.873,6253.104,0,724.417,7.57,1.3,24.7,0,4,71.72,0.71
Vanuatu,0,0,0,0,0,0,0,0,0,0,0,0,0,0,0,0,0,0,0,0,0,0,0,0,0,0,0,0,0,66.67,307150,22.662,23.1,4.394,2.62,2921.909,13.2,546.3,12.02,2.8,34.5,25.209,0,70.47,0.603
Vatican,12,0,0,0,0,0,14833.127,0,0,0,0,0,0,0,0,0,0,0,0,0,0,0,0,0,0,0,0,0,0,0,809,0,0,0,0,0,0,0,0,0,0,0,0,75.12,0
Venezuela,38219,652,976.857,317,6,7.286,1344.038,22.929,34.353,11.148,0.211,0.256,0.99,0,0,0,0,0,0,0,0,0,0,0,0,0,0,0,0,86.11,28435943,36.253,29,6.614,3.915,16745.022,0,204.85,6.47,0,0,0,0.8,72.06,0.761
Vietnam,1009,2,11.286,25,0,0.429,10.366,0.021,0.116,0.257,0,0.004,0.57,0,0,0,0,0,0,0,0,0,0,0,0,24375,0.25,0,2159.8,78.24,97338583,308.127,32.6,7.15,4.718,6171.884,2,245.465,6,1,45.9,85.847,2.6,75.4,0.694
Yemen,1906,7,6.857,542,1,2,63.904,0.235,0.23,18.172,0.034,0.067,0.83,0,0,0,0,0,0,0,0,0,0,0,0,0,0,0,0,31.48,29825968,53.508,20.3,2.922,1.583,1479.147,18.8,495.003,5.35,7.6,29.2,49.542,0.7,66.12,0.452
Zambia,10627,255,229.429,277,3,3,578.058,13.871,12.48,15.067,0.163,0.163,0.9,0,0,0,0,0,0,0,0,1486,105664,5.748,0.081,1069,0.058,0.215,4.7,49.07,18383956,22.995,17.7,2.48,1.542,3689.251,57.5,234.499,3.94,3.1,24.7,13.938,2,63.89,0.588
Zimbabwe,5815,70,106.143,152,1,3.429,391.242,4.71,7.141,10.227,0.067,0.231,1.03,0,0,0,0,0,0,0,0,1810,89695,6.035,0.122,1392,0.094,0.076,13.1,80.56,14862927,42.729,19.6,2.822,1.882,1899.775,21.4,307.846,1.82,1.6,30.7,36.791,1.7,61.49,0.535
